training_size_percent,TCR_lambda_1,TCR_lambda_9,TCR_lambda_99
10,11.73170732,3.044303797,0.39233279
20,15.03125,8.152542373,1.131764706
30,17.17857143,4.625,0.476709613
40,17.81481481,3.7578125,0.36914812
50,19.24,4.333333333,0.532079646
60,17.81481481,4.625,0.594561187
70,25.31578947,4.372727273,0.479083665
80,17.81481481,3.910569106,0.529735683
90,20.04166667,3.728682171,0.47718254
100,20.91304348,4.333333333,0.478606965
